Idx,From,To,r_pu,x_pu,B_sh_pu
1,1,2,0.0016616720,0.0023928070,0.0029349259
2,2,3,0.0010325620,0.0014868900,0.0018237612
3,3,4,0.0019014240,0.0016732540,0.0031344949
4,4,5,0.0004959630,0.0004364480,0.0008175943
5,5,7,0.0036923100,0.0023178950,0.0000571247
6,7,9,0.0020766830,0.0013036640,0.0000321289
7,9,12,0.0063554230,0.0039896980,0.0000983264
8,12,26,0.0051450260,0.0032298560,0.0000796000
9,26,33,0.0048640720,0.0030534840,0.0000752533
10,33,37,0.0035018720,0.0021983450,0.0000541784
11,37,40,0.0073404410,0.0046080560,0.0001135659
12,40,42,0.0087878480,0.0055166840,0.0001359591
13,42,44,0.0037282830,0.0023404780,0.0000576812
14,44,45,0.0006449000,0.0004048450,0.0000099774
15,45,46,0.0051358520,0.0032240970,0.0000794581
16,46,47,0.0089470760,0.0056166420,0.0001384226
17,47,48,0.0009159660,0.0005750100,0.0000141712
18,48,67,0.0033311250,0.0020911570,0.0000515367
19,67,68,0.0044080580,0.0027672150,0.0000681982
20,68,69,0.0057585560,0.0036150080,0.0000890921
21,69,70,0.0029726760,0.0018661360,0.0000459910
22,70,71,0.0019544280,0.0012269170,0.0000302375
23,71,72,0.0032153620,0.0020184850,0.0000497457
24,72,73,0.0000428000,0.0000268000,0.0000196863
25,73,74,0.0000636000,0.0000398000,0.0000292535
26,74,75,0.0035536410,0.0013326150,0.0016345348
27,75,76,0.0000011600,0.0000011600,0.0000000000
28,76,77,0.0000003870,0.0000003870,0.0000000000
29,77,78,0.0000004920,0.0000004920,0.0000000000
30,78,79,0.0059667360,0.0022375260,0.0027444634
31,79,80,0.0000288000,0.0000180000,0.0000132469
32,80,81,0.0000378000,0.0000236000,0.0000173865
33,81,82,0.0007474740,0.0004671720,0.0003438086
34,82,83,0.0045899310,0.0028813880,0.0000710120
35,83,85,0.0036023330,0.0022614110,0.0000557326
36,85,86,0.0035290990,0.0022154370,0.0000545996
37,86,92,0.0000004360,0.0000004360,0.0000000000
38,92,93,0.0000004200,0.0000004200,0.0000000000
39,93,94,0.0021231500,0.0019582450,0.0017445438
40,94,95,0.0003279310,0.0001229740,0.0001508353
41,95,96,0.0035940390,0.0007849700,0.0006602150
42,4,6,0.0009049290,0.0005271430,0.0007435595
43,5,8,0.0000125000,0.0000077500,0.0000095329
44,7,10,0.0000003550,0.0000003550,0.0000000000
45,7,11,0.0000006940,0.0000006940,0.0000000000
46,9,13,0.0013621850,0.0005108200,0.0006265514
47,13,14,0.0030572700,0.0011464760,0.0014062237
48,12,16,0.0009172200,0.0004227560,0.0000097600
49,16,18,0.0073128690,0.0033705740,0.0000778151
50,18,19,0.0080067150,0.0036903740,0.0000851982
51,19,21,0.0076565480,0.0025083850,0.0014064866
52,21,22,0.0000154000,0.0000095500,0.0000117445
53,22,23,0.0042772450,0.0002781380,0.0001731155
54,23,24,0.0110706060,0.0007198920,0.0004480672
55,24,25,0.0000005650,0.0000005650,0.0000000000
56,16,17,0.0000293000,0.0000183000,0.0000134768
57,19,20,0.0000003550,0.0000003550,0.0000000000
58,26,27,0.0003251160,0.0004681670,0.0005742357
59,27,28,0.0000004840,0.0000004840,0.0000000000
60,28,29,0.0000003570,0.0000003570,0.0000000000
61,29,30,0.0005475230,0.0001195840,0.0001005785
62,30,31,0.0003062960,0.0000669000,0.0000562657
63,31,32,0.0007299680,0.0010511540,0.0012893050
64,33,34,0.0073993150,0.0034104180,0.0000787350
65,34,35,0.0039022900,0.0014633590,0.0017948996
66,35,36,0.0000007260,0.0000007260,0.0000000000
67,37,38,0.0029655500,0.0013668510,0.0000315560
68,38,39,0.0000051500,0.0000032200,0.0000023688
69,40,41,0.0063563290,0.0013882780,0.0011676400
70,42,109,0.0035364620,0.0016299910,0.0000376310
71,109,110,0.0038952900,0.0017953780,0.0000414492
72,110,111,0.0000297000,0.0000186000,0.0000136608
73,42,43,0.0005222010,0.0004314980,0.0000125390
74,43,115,0.0030976760,0.0025596320,0.0000743806
75,115,118,0.0000004840,0.0000004840,0.0000000000
76,43,112,0.0031379830,0.0025929380,0.0000753484
77,112,113,0.0000004850,0.0000004850,0.0000000000
78,112,114,0.0129786010,0.0059819660,0.0001381033
79,45,116,0.0019698710,0.0009079330,0.0000209611
80,116,119,0.0018096000,0.0008340620,0.0000192557
81,119,122,0.0015779580,0.0003446400,0.0002898665
82,122,123,0.0000591000,0.0000370000,0.0000271837
83,119,121,0.0027679960,0.0017299970,0.0012731691
84,116,124,0.0000003550,0.0000003550,0.0000000000
85,119,120,0.0040147630,0.0008768590,0.0007375008
86,47,49,0.0024045250,0.0015028280,0.0011059867
87,49,52,0.0000005000,0.0000005000,0.0000000000
88,52,53,0.0066601380,0.0021819480,0.0012234488
89,53,54,0.0008134640,0.0011713880,0.0014367797
90,54,55,0.0006793440,0.0009782550,0.0011998904
91,55,56,0.0000004520,0.0000004520,0.0000000000
92,56,57,0.0006498360,0.0009357640,0.0011477719
93,57,58,0.0008408600,0.0012108390,0.0014851678
94,58,59,0.0005772270,0.0001891070,0.0001060350
95,59,60,0.0061877160,0.0013514510,0.0011366662
96,60,61,0.0006169220,0.0005690060,0.0005069107
97,61,62,0.0000003550,0.0000003550,0.0000000000
98,49,50,0.0060170260,0.0013141710,0.0011053109
99,50,51,0.0000003710,0.0000003710,0.0000000000
100,59,117,0.0000003550,0.0000003550,0.0000000000
101,48,63,0.0215234910,0.0063661640,0.0001472889
102,63,65,0.0111416800,0.0051353110,0.0001185569
103,65,66,0.0000003910,0.0000003910,0.0000000000
104,63,64,0.0000317000,0.0000198000,0.0000145808
105,71,106,0.0011249190,0.0002456920,0.0002066445
106,72,107,0.0033198350,0.0020840690,0.0000513620
107,107,108,0.0000315000,0.0000197000,0.0000144888
108,76,102,0.0000004040,0.0000004040,0.0000000000
109,102,103,0.0006016560,0.0002256210,0.0002767380
110,103,104,0.0011084320,0.0004156620,0.0005098350
111,104,105,0.0000004680,0.0000004680,0.0000000000
112,82,100,0.0038918990,0.0008500250,0.0007149310
113,100,101,0.0000005170,0.0000005170,0.0000000000
114,83,84,0.0000004560,0.0000004560,0.0000000000
115,85,97,0.0087525810,0.0023746130,0.0012836940
116,97,98,0.0005485220,0.0003428260,0.0002522985
117,98,99,0.0000004760,0.0000004760,0.0000000000
118,86,89,0.0008412520,0.0005257830,0.0003869428
119,89,90,0.0004360250,0.0002725160,0.0002005543
120,86,87,0.0029691540,0.0018639250,0.0000459366
121,87,88,0.0000815000,0.0000509000,0.0000374868
122,86,91,0.0004909180,0.0007069220,0.0008670832
123,9,15,0.0000004840,0.0000004840,0.0000000000